role,payload,kp,ki,kd,JT,JE,delta_JT_pct,delta_JE_pct,feasible
CT,1.0,200.0,100.0,0.0,0.00310071479643,2.522404054799528,0.0,0.0,True
CB,1.0,30.364439888709715,0.0,0.0,0.0371912109305664,2.388215044965375,0.0,0.0,True
CE,1.0,0.0,0.0,0.0,0.6554610926772526,0.0,0.0,,True
CT,2.0,200.0,100.0,0.0,0.0034439218804457,5.615245700481379,11.068644056230164,122.6148380072938,True
CB,2.0,30.364439888709715,0.0,0.0,0.0432104908673903,5.216933346642344,16.184683924547425,118.44487403428028,True
CE,2.0,0.0,0.0,0.0,0.6554610926772526,0.0,0.0,,True
CT,3.0,200.0,100.0,0.0,0.0038500204795811,9.692326934176332,24.165578982428045,284.2495779268261,True
CB,3.0,30.364439888709715,0.0,0.0,0.0494165458866994,8.83097393933939,32.87157005712153,269.7729799481865,True
CE,3.0,0.0,0.0,0.0,0.6554610926772526,0.0,0.0,,True
